,kappa,precision,specificity
0,0.8722577819348851,0.8320258129824117,0.958006453245603
1,0.8724161914818384,0.8317094774136404,0.95792736935341
