,kappa,precision,specificity
0,0.8374121725370327,0.8107569721115537,0.9526892430278885
1,0.837071697757937,0.8087649402390438,0.952191235059761
